horizon	future_timepoint	distance	initial_timepoint	delay	t	future_timepoint_numeric
3	2017-01-01	3.752716064453125	2016-10-01	0.0	1	2017.0
3	2017-04-01	3.570265293121338	2017-01-01	0.0	2	2017.25
3	2017-07-01	3.360435724258423	2017-04-01	0.0	3	2017.5
3	2017-10-01	3.414185047149658	2017-07-01	0.0	4	2017.75
3	2018-01-01	3.175727367401123	2017-10-01	0.0	5	2018.0
3	2018-04-01	3.2057271003723145	2018-01-01	0.0	6	2018.25
3	2018-07-01	2.909763813018799	2018-04-01	0.0	7	2018.5
3	2018-10-01	3.507237434387207	2018-07-01	0.0	8	2018.75
3	2019-01-01	3.222536563873291	2018-10-01	0.0	9	2019.0
3	2019-04-01	3.938192129135132	2019-01-01	0.0	10	2019.25
3	2019-07-01	4.234259128570557	2019-04-01	0.0	11	2019.5
3	2019-10-01	6.9028754234313965	2019-07-01	0.0	12	2019.75
3	2020-01-01	3.410860061645508	2019-10-01	0.0	13	2020.0
3	2020-04-01	4.1089396476745605	2020-01-01	0.0	14	2020.25
3	2020-07-01	2.964784383773804	2020-04-01	0.0	15	2020.5
3	2020-10-01	3.0177597999572754	2020-07-01	0.0	16	2020.75
3	2021-01-01	3.282776117324829	2020-10-01	0.0	17	2021.0
3	2021-04-01	3.198939323425293	2021-01-01	0.0	18	2021.25
3	2021-07-01	3.478107452392578	2021-04-01	0.0	19	2021.5
3	2021-10-01	3.688963890075684	2021-07-01	0.0	20	2021.75
3	2022-01-01	3.086768388748169	2021-10-01	0.0	21	2022.0
3	2022-04-01	3.647375345230103	2022-01-01	0.0	22	2022.25
3	2022-07-01	3.86260437965393	2022-04-01	0.0	23	2022.5
3	2022-10-01	3.709083318710327	2022-07-01	0.0	24	2022.75
3	2023-01-01	4.592637538909912	2022-10-01	0.0	25	2023.0
3	2023-04-01	4.600798606872559	2023-01-01	0.0	26	2023.25
3	2023-07-01	4.1107940673828125	2023-04-01	0.0	27	2023.5
3	2023-10-01	3.999600410461426	2023-07-01	0.0	28	2023.75
3	2024-01-01	4.451735496520996	2023-10-01	0.0	29	2024.0
3	2024-04-01	2.685744047164917	2024-01-01	0.0	30	2024.25
3	2024-07-01	2.5086212158203125	2024-04-01	0.0	31	2024.5
3	2024-10-01	3.415912628173828	2024-07-01	0.0	32	2024.75
3	2025-01-01	3.158291816711426	2024-10-01	0.0	33	2025.0
3	2025-04-01	3.923487424850464	2025-01-01	0.0	34	2025.25
3	2025-07-01	5.543837547302246	2025-04-01	0.0	35	2025.5
3	2025-10-01	4.634616374969482	2025-07-01	0.0	36	2025.75
3	2026-01-01	3.179532051086426	2025-10-01	0.0	37	2026.0
3	2026-04-01	2.6804099082946777	2026-01-01	0.0	38	2026.25
3	2026-07-01	3.2678146362304688	2026-04-01	0.0	39	2026.5
3	2026-10-01	4.407088756561279	2026-07-01	0.0	40	2026.75
3	2027-01-01	4.389591693878174	2026-10-01	0.0	41	2027.0
3	2027-04-01	4.813936710357666	2027-01-01	0.0	42	2027.25
3	2027-07-01	4.250344753265381	2027-04-01	0.0	43	2027.5
3	2027-10-01	3.806930541992188	2027-07-01	0.0	44	2027.75
3	2028-01-01	3.2212164402008057	2027-10-01	0.0	45	2028.0
3	2028-04-01	4.07509708404541	2028-01-01	0.0	46	2028.25
3	2028-07-01	3.463262796401977	2028-04-01	0.0	47	2028.5
3	2028-10-01	4.508096694946289	2028-07-01	0.0	48	2028.75
3	2029-01-01	3.6069235801696777	2028-10-01	0.0	49	2029.0
3	2029-04-01	3.740119695663452	2029-01-01	0.0	50	2029.25
3	2029-07-01	3.4278972148895264	2029-04-01	0.0	51	2029.5
3	2029-10-01	3.858336925506592	2029-07-01	0.0	52	2029.75
3	2030-01-01	3.613270521163941	2029-10-01	0.0	53	2030.0
3	2030-04-01	3.5071475505828857	2030-01-01	0.0	54	2030.25
3	2030-07-01	3.3787686824798584	2030-04-01	0.0	55	2030.5
3	2030-10-01	3.715646505355835	2030-07-01	0.0	56	2030.75
3	2031-01-01	3.503767967224121	2030-10-01	0.0	57	2031.0
3	2031-04-01	3.729234218597412	2031-01-01	0.0	58	2031.25
3	2031-07-01	3.77381443977356	2031-04-01	0.0	59	2031.5
3	2031-10-01	3.9845261573791504	2031-07-01	0.0	60	2031.75
3	2032-01-01	2.994489908218384	2031-10-01	0.0	61	2032.0
3	2032-04-01	3.740569591522217	2032-01-01	0.0	62	2032.25
3	2032-07-01	3.1838440895080566	2032-04-01	0.0	63	2032.5
3	2032-10-01	3.3565893173217773	2032-07-01	0.0	64	2032.75
3	2033-01-01	3.261924266815185	2032-10-01	0.0	65	2033.0
3	2033-04-01	3.57861065864563	2033-01-01	0.0	66	2033.25
3	2033-07-01	2.8232438564300537	2033-04-01	0.0	67	2033.5
3	2033-10-01	3.088404417037964	2033-07-01	0.0	68	2033.75
3	2034-01-01	3.688066959381104	2033-10-01	0.0	69	2034.0
3	2034-04-01	3.27427339553833	2034-01-01	0.0	70	2034.25
3	2034-07-01	4.420114994049072	2034-04-01	0.0	71	2034.5
3	2034-10-01	3.52761173248291	2034-07-01	0.0	72	2034.75
3	2035-01-01	3.284387826919556	2034-10-01	0.0	73	2035.0
3	2035-04-01	3.3155319690704346	2035-01-01	0.0	74	2035.25
3	2035-07-01	3.0639688968658447	2035-04-01	0.0	75	2035.5
3	2035-10-01	3.3898403644561768	2035-07-01	0.0	76	2035.75
3	2036-01-01	3.741608619689941	2035-10-01	0.0	77	2036.0
3	2036-04-01	3.970626831054688	2036-01-01	0.0	78	2036.25
3	2036-07-01	3.578043222427368	2036-04-01	0.0	79	2036.5
3	2036-10-01	3.345486640930176	2036-07-01	0.0	80	2036.75
3	2037-01-01	3.734478950500488	2036-10-01	0.0	81	2037.0
3	2037-04-01	2.754544258117676	2037-01-01	0.0	82	2037.25
3	2037-07-01	2.582631826400757	2037-04-01	0.0	83	2037.5
3	2037-10-01	3.264290332794189	2037-07-01	0.0	84	2037.75
3	2038-01-01	3.966231346130371	2037-10-01	0.0	85	2038.0
3	2038-04-01	2.732497453689575	2038-01-01	0.0	86	2038.25
3	2038-07-01	2.479315280914306	2038-04-01	0.0	87	2038.5
3	2038-10-01	3.036293029785156	2038-07-01	0.0	88	2038.75
3	2039-01-01	2.874739408493042	2038-10-01	0.0	89	2039.0
3	2039-04-01	3.183698892593384	2039-01-01	0.0	90	2039.25
3	2039-07-01	3.344078540802002	2039-04-01	0.0	91	2039.5
3	2039-10-01	6.345900058746338	2039-07-01	0.0	92	2039.75
3	2040-01-01	5.434089660644531	2039-10-01	0.0	93	2040.0
3	2040-04-01	2.948562860488892	2040-01-01	0.0	94	2040.25
3	2040-07-01	3.125135660171509	2040-04-01	0.0	95	2040.5
3	2040-10-01	3.041680097579956	2040-07-01	0.0	96	2040.75
3	2017-01-01	4.867123603820801	2016-10-01	1.0	1	2017.0
3	2017-04-01	4.320384979248047	2017-01-01	1.0	2	2017.25
3	2017-07-01	4.420174598693848	2017-04-01	1.0	3	2017.5
3	2017-10-01	4.155337333679199	2017-07-01	1.0	4	2017.75
3	2018-01-01	3.6612308025360094	2017-10-01	1.0	5	2018.0
3	2018-04-01	3.799214839935303	2018-01-01	1.0	6	2018.25
3	2018-07-01	3.314103126525879	2018-04-01	1.0	7	2018.5
3	2018-10-01	4.021121501922607	2018-07-01	1.0	8	2018.75
3	2019-01-01	4.055110931396484	2018-10-01	1.0	9	2019.0
3	2019-04-01	4.640991687774658	2019-01-01	1.0	10	2019.25
3	2019-07-01	4.803268432617188	2019-04-01	1.0	11	2019.5
3	2019-10-01	7.526931762695312	2019-07-01	1.0	12	2019.75
3	2020-01-01	4.665102005004883	2019-10-01	1.0	13	2020.0
3	2020-04-01	4.891573429107666	2020-01-01	1.0	14	2020.25
3	2020-07-01	3.682682275772095	2020-04-01	1.0	15	2020.5
3	2020-10-01	3.628161668777466	2020-07-01	1.0	16	2020.75
3	2021-01-01	3.774966716766357	2020-10-01	1.0	17	2021.0
3	2021-04-01	3.902687072753906	2021-01-01	1.0	18	2021.25
3	2021-07-01	4.15210485458374	2021-04-01	1.0	19	2021.5
3	2021-10-01	4.261586666107178	2021-07-01	1.0	20	2021.75
3	2022-01-01	3.930891752243042	2021-10-01	1.0	21	2022.0
3	2022-04-01	4.175684928894043	2022-01-01	1.0	22	2022.25
3	2022-07-01	5.011013507843018	2022-04-01	1.0	23	2022.5
3	2022-10-01	3.994282722473145	2022-07-01	1.0	24	2022.75
3	2023-01-01	5.277996063232422	2022-10-01	1.0	25	2023.0
3	2023-04-01	5.638049125671387	2023-01-01	1.0	26	2023.25
3	2023-07-01	4.824237823486328	2023-04-01	1.0	27	2023.5
3	2023-10-01	5.073244571685791	2023-07-01	1.0	28	2023.75
3	2024-01-01	5.080215930938721	2023-10-01	1.0	29	2024.0
3	2024-04-01	3.4658102989196777	2024-01-01	1.0	30	2024.25
3	2024-07-01	3.1505062580108643	2024-04-01	1.0	31	2024.5
3	2024-10-01	4.202823638916016	2024-07-01	1.0	32	2024.75
3	2025-01-01	3.48203182220459	2024-10-01	1.0	33	2025.0
3	2025-04-01	4.419169425964356	2025-01-01	1.0	34	2025.25
3	2025-07-01	6.076437950134277	2025-04-01	1.0	35	2025.5
3	2025-10-01	6.032727718353272	2025-07-01	1.0	36	2025.75
3	2026-01-01	4.114932060241699	2025-10-01	1.0	37	2026.0
3	2026-04-01	3.270335912704468	2026-01-01	1.0	38	2026.25
3	2026-07-01	3.729212760925293	2026-04-01	1.0	39	2026.5
3	2026-10-01	4.63608455657959	2026-07-01	1.0	40	2026.75
3	2027-01-01	5.411314010620117	2026-10-01	1.0	41	2027.0
3	2027-04-01	5.180037021636963	2027-01-01	1.0	42	2027.25
3	2027-07-01	6.006361961364746	2027-04-01	1.0	43	2027.5
3	2027-10-01	4.573526382446289	2027-07-01	1.0	44	2027.75
3	2028-01-01	3.961390733718872	2027-10-01	1.0	45	2028.0
3	2028-04-01	4.6670331954956055	2028-01-01	1.0	46	2028.25
3	2028-07-01	4.0415215492248535	2028-04-01	1.0	47	2028.5
3	2028-10-01	5.325896263122559	2028-07-01	1.0	48	2028.75
3	2029-01-01	4.184818267822266	2028-10-01	1.0	49	2029.0
3	2029-04-01	4.323782920837402	2029-01-01	1.0	50	2029.25
3	2029-07-01	4.162015438079834	2029-04-01	1.0	51	2029.5
3	2029-10-01	4.657968997955322	2029-07-01	1.0	52	2029.75
3	2030-01-01	4.266693115234375	2029-10-01	1.0	53	2030.0
3	2030-04-01	4.263457298278809	2030-01-01	1.0	54	2030.25
3	2030-07-01	4.173010349273682	2030-04-01	1.0	55	2030.5
3	2030-10-01	4.331813812255859	2030-07-01	1.0	56	2030.75
3	2031-01-01	4.055081367492676	2030-10-01	1.0	57	2031.0
3	2031-04-01	4.2361016273498535	2031-01-01	1.0	58	2031.25
3	2031-07-01	4.471342086791992	2031-04-01	1.0	59	2031.5
3	2031-10-01	4.718179702758789	2031-07-01	1.0	60	2031.75
3	2032-01-01	3.973941802978516	2031-10-01	1.0	61	2032.0
3	2032-04-01	4.091689109802246	2032-01-01	1.0	62	2032.25
3	2032-07-01	3.880960464477539	2032-04-01	1.0	63	2032.5
3	2032-10-01	3.864063262939453	2032-07-01	1.0	64	2032.75
3	2033-01-01	3.4310832023620605	2032-10-01	1.0	65	2033.0
3	2033-04-01	4.475729465484619	2033-01-01	1.0	66	2033.25
3	2033-07-01	4.766745090484619	2033-04-01	1.0	67	2033.5
3	2033-10-01	3.867004632949829	2033-07-01	1.0	68	2033.75
3	2034-01-01	4.14402961730957	2033-10-01	1.0	69	2034.0
3	2034-04-01	3.9717259407043457	2034-01-01	1.0	70	2034.25
3	2034-07-01	5.730751514434815	2034-04-01	1.0	71	2034.5
3	2034-10-01	4.2607197761535645	2034-07-01	1.0	72	2034.75
3	2035-01-01	3.5256123542785645	2034-10-01	1.0	73	2035.0
3	2035-04-01	3.975178003311157	2035-01-01	1.0	74	2035.25
3	2035-07-01	3.994723081588745	2035-04-01	1.0	75	2035.5
3	2035-10-01	4.283677577972412	2035-07-01	1.0	76	2035.75
3	2036-01-01	4.321211338043213	2035-10-01	1.0	77	2036.0
3	2036-04-01	4.470147132873535	2036-01-01	1.0	78	2036.25
3	2036-07-01	4.172382354736328	2036-04-01	1.0	79	2036.5
3	2036-10-01	3.795703411102295	2036-07-01	1.0	80	2036.75
3	2037-01-01	4.179136276245117	2036-10-01	1.0	81	2037.0
3	2037-04-01	3.623138427734375	2037-01-01	1.0	82	2037.25
3	2037-07-01	2.972513437271118	2037-04-01	1.0	83	2037.5
3	2037-10-01	3.3905346393585205	2037-07-01	1.0	84	2037.75
3	2038-01-01	4.080824375152588	2037-10-01	1.0	85	2038.0
3	2038-04-01	3.3210344314575195	2038-01-01	1.0	86	2038.25
3	2038-07-01	2.710308790206909	2038-04-01	1.0	87	2038.5
3	2038-10-01	3.227667808532715	2038-07-01	1.0	88	2038.75
3	2039-01-01	3.425708532333374	2038-10-01	1.0	89	2039.0
3	2039-04-01	3.6018314361572266	2039-01-01	1.0	90	2039.25
3	2039-07-01	3.738173484802246	2039-04-01	1.0	91	2039.5
3	2039-10-01	6.713797092437744	2039-07-01	1.0	92	2039.75
3	2040-01-01	6.365163326263428	2039-10-01	1.0	93	2040.0
3	2040-04-01	3.36165452003479	2040-01-01	1.0	94	2040.25
3	2040-07-01	3.3529388904571533	2040-04-01	1.0	95	2040.5
3	2040-10-01	3.412754774093628	2040-07-01	1.0	96	2040.75
3	2017-01-01	5.548558235168457	2016-10-01	3.0	1	2017.0
3	2017-04-01	4.673362731933594	2017-01-01	3.0	2	2017.25
3	2017-07-01	5.723723411560059	2017-04-01	3.0	3	2017.5
3	2017-10-01	4.580056190490723	2017-07-01	3.0	4	2017.75
3	2018-01-01	4.035984516143799	2017-10-01	3.0	5	2018.0
3	2018-04-01	4.1397318840026855	2018-01-01	3.0	6	2018.25
3	2018-07-01	4.086329460144043	2018-04-01	3.0	7	2018.5
3	2018-10-01	4.660740375518799	2018-07-01	3.0	8	2018.75
3	2019-01-01	4.862405776977539	2018-10-01	3.0	9	2019.0
3	2019-04-01	4.956413745880127	2019-01-01	3.0	10	2019.25
3	2019-07-01	5.025387287139893	2019-04-01	3.0	11	2019.5
3	2019-10-01	8.343903541564941	2019-07-01	3.0	12	2019.75
3	2020-01-01	7.118131160736084	2019-10-01	3.0	13	2020.0
3	2020-04-01	5.368980407714844	2020-01-01	3.0	14	2020.25
3	2020-07-01	4.529174327850342	2020-04-01	3.0	15	2020.5
3	2020-10-01	4.307937145233154	2020-07-01	3.0	16	2020.75
3	2021-01-01	4.50739860534668	2020-10-01	3.0	17	2021.0
3	2021-04-01	4.036309242248535	2021-01-01	3.0	18	2021.25
3	2021-07-01	5.172163009643555	2021-04-01	3.0	19	2021.5
3	2021-10-01	4.9787917137146	2021-07-01	3.0	20	2021.75
3	2022-01-01	4.295231819152832	2021-10-01	3.0	21	2022.0
3	2022-04-01	4.828231334686279	2022-01-01	3.0	22	2022.25
3	2022-07-01	4.910367012023926	2022-04-01	3.0	23	2022.5
3	2022-10-01	4.631362438201904	2022-07-01	3.0	24	2022.75
3	2023-01-01	6.094332695007324	2022-10-01	3.0	25	2023.0
3	2023-04-01	7.094066619873047	2023-01-01	3.0	26	2023.25
3	2023-07-01	6.098182201385498	2023-04-01	3.0	27	2023.5
3	2023-10-01	5.949959754943848	2023-07-01	3.0	28	2023.75
3	2024-01-01	5.151012420654297	2023-10-01	3.0	29	2024.0
3	2024-04-01	4.164839267730713	2024-01-01	3.0	30	2024.25
3	2024-07-01	3.395253896713257	2024-04-01	3.0	31	2024.5
3	2024-10-01	4.575237274169922	2024-07-01	3.0	32	2024.75
3	2025-01-01	4.258541107177734	2024-10-01	3.0	33	2025.0
3	2025-04-01	4.781373977661133	2025-01-01	3.0	34	2025.25
3	2025-07-01	5.86214017868042	2025-04-01	3.0	35	2025.5
3	2025-10-01	7.13190507888794	2025-07-01	3.0	36	2025.75
3	2026-01-01	4.814448833465576	2025-10-01	3.0	37	2026.0
3	2026-04-01	3.688539505004883	2026-01-01	3.0	38	2026.25
3	2026-07-01	4.228293418884277	2026-04-01	3.0	39	2026.5
3	2026-10-01	5.265084743499756	2026-07-01	3.0	40	2026.75
3	2027-01-01	7.273819446563721	2026-10-01	3.0	41	2027.0
3	2027-04-01	5.8016357421875	2027-01-01	3.0	42	2027.25
3	2027-07-01	6.681354999542236	2027-04-01	3.0	43	2027.5
3	2027-10-01	6.548532485961914	2027-07-01	3.0	44	2027.75
3	2028-01-01	4.493462562561035	2027-10-01	3.0	45	2028.0
3	2028-04-01	5.302290916442871	2028-01-01	3.0	46	2028.25
3	2028-07-01	4.9907050132751465	2028-04-01	3.0	47	2028.5
3	2028-10-01	5.730964183807373	2028-07-01	3.0	48	2028.75
3	2029-01-01	5.6324872970581055	2028-10-01	3.0	49	2029.0
3	2029-04-01	4.870725631713867	2029-01-01	3.0	50	2029.25
3	2029-07-01	4.136489868164063	2029-04-01	3.0	51	2029.5
3	2029-10-01	4.873398780822754	2029-07-01	3.0	52	2029.75
3	2030-01-01	4.992004871368408	2029-10-01	3.0	53	2030.0
3	2030-04-01	4.566917896270752	2030-01-01	3.0	54	2030.25
3	2030-07-01	3.992896795272827	2030-04-01	3.0	55	2030.5
3	2030-10-01	4.777018070220947	2030-07-01	3.0	56	2030.75
3	2031-01-01	5.675265789031982	2030-10-01	3.0	57	2031.0
3	2031-04-01	5.734854221343994	2031-01-01	3.0	58	2031.25
3	2031-07-01	5.428685665130615	2031-04-01	3.0	59	2031.5
3	2031-10-01	5.495278835296631	2031-07-01	3.0	60	2031.75
3	2032-01-01	4.821721076965332	2031-10-01	3.0	61	2032.0
3	2032-04-01	4.394032955169678	2032-01-01	3.0	62	2032.25
3	2032-07-01	4.46015739440918	2032-04-01	3.0	63	2032.5
3	2032-10-01	4.270175457000732	2032-07-01	3.0	64	2032.75
3	2033-01-01	3.787239789962769	2032-10-01	3.0	65	2033.0
3	2033-04-01	6.220471858978272	2033-01-01	3.0	66	2033.25
3	2033-07-01	4.95493745803833	2033-04-01	3.0	67	2033.5
3	2033-10-01	4.240676403045654	2033-07-01	3.0	68	2033.75
3	2034-01-01	4.5686869621276855	2033-10-01	3.0	69	2034.0
3	2034-04-01	4.535628318786621	2034-01-01	3.0	70	2034.25
3	2034-07-01	5.375725269317627	2034-04-01	3.0	71	2034.5
3	2034-10-01	5.240578651428223	2034-07-01	3.0	72	2034.75
3	2035-01-01	4.002803802490234	2034-10-01	3.0	73	2035.0
3	2035-04-01	4.5715742111206055	2035-01-01	3.0	74	2035.25
3	2035-07-01	4.26218843460083	2035-04-01	3.0	75	2035.5
3	2035-10-01	4.8479108810424805	2035-07-01	3.0	76	2035.75
3	2036-01-01	4.667595863342285	2035-10-01	3.0	77	2036.0
3	2036-04-01	4.980526447296143	2036-01-01	3.0	78	2036.25
3	2036-07-01	5.057406425476074	2036-04-01	3.0	79	2036.5
3	2036-10-01	4.375107765197754	2036-07-01	3.0	80	2036.75
3	2037-01-01	4.557387828826904	2036-10-01	3.0	81	2037.0
3	2037-04-01	4.405827045440674	2037-01-01	3.0	82	2037.25
3	2037-07-01	3.437075614929199	2037-04-01	3.0	83	2037.5
3	2037-10-01	3.4613711833953857	2037-07-01	3.0	84	2037.75
3	2038-01-01	4.251092433929443	2037-10-01	3.0	85	2038.0
3	2038-04-01	4.518064022064209	2038-01-01	3.0	86	2038.25
3	2038-07-01	3.370692729949951	2038-04-01	3.0	87	2038.5
3	2038-10-01	3.617996215820313	2038-07-01	3.0	88	2038.75
3	2039-01-01	3.557558298110962	2038-10-01	3.0	89	2039.0
3	2039-04-01	3.7519781589508057	2039-01-01	3.0	90	2039.25
3	2039-07-01	4.083837032318115	2039-04-01	3.0	91	2039.5
3	2039-10-01	6.791405200958252	2039-07-01	3.0	92	2039.75
3	2040-01-01	8.520180702209473	2039-10-01	3.0	93	2040.0
3	2040-04-01	4.192572116851807	2040-01-01	3.0	94	2040.25
3	2040-07-01	3.7747089862823486	2040-04-01	3.0	95	2040.5
3	2040-10-01	3.789387702941896	2040-07-01	3.0	96	2040.75
6	2017-04-01	5.401790618896484	2016-10-01	0.0	2	2017.25
6	2017-07-01	4.83596134185791	2017-01-01	0.0	3	2017.5
6	2017-10-01	3.7600269317626953	2017-04-01	0.0	4	2017.75
6	2018-01-01	4.356817722320557	2017-07-01	0.0	5	2018.0
6	2018-04-01	4.199377536773682	2017-10-01	0.0	6	2018.25
6	2018-07-01	3.8174831867218018	2018-01-01	0.0	7	2018.5
6	2018-10-01	3.981607437133789	2018-04-01	0.0	8	2018.75
6	2019-01-01	4.817490577697754	2018-07-01	0.0	9	2019.0
6	2019-04-01	4.539094924926758	2018-10-01	0.0	10	2019.25
6	2019-07-01	5.125791549682617	2019-01-01	0.0	11	2019.5
6	2019-10-01	8.713706016540527	2019-04-01	0.0	12	2019.75
6	2020-01-01	8.106040000915527	2019-07-01	0.0	13	2020.0
6	2020-04-01	5.414880275726318	2019-10-01	0.0	14	2020.25
6	2020-07-01	4.27938175201416	2020-01-01	0.0	15	2020.5
6	2020-10-01	3.682251453399658	2020-04-01	0.0	16	2020.75
6	2021-01-01	4.362263202667236	2020-07-01	0.0	17	2021.0
6	2021-04-01	4.213632106781006	2020-10-01	0.0	18	2021.25
6	2021-07-01	4.431503772735596	2021-01-01	0.0	19	2021.5
6	2021-10-01	4.449472904205322	2021-04-01	0.0	20	2021.75
6	2022-01-01	4.482085227966309	2021-07-01	0.0	21	2022.0
6	2022-04-01	4.916937351226807	2021-10-01	0.0	22	2022.25
6	2022-07-01	4.918315887451172	2022-01-01	0.0	23	2022.5
6	2022-10-01	4.710550785064697	2022-04-01	0.0	24	2022.75
6	2023-01-01	5.858913898468018	2022-07-01	0.0	25	2023.0
6	2023-04-01	6.749014854431152	2022-10-01	0.0	26	2023.25
6	2023-07-01	5.761544704437256	2023-01-01	0.0	27	2023.5
6	2023-10-01	5.747406959533691	2023-04-01	0.0	28	2023.75
6	2024-01-01	5.439621925354004	2023-07-01	0.0	29	2024.0
6	2024-04-01	6.00303316116333	2023-10-01	0.0	30	2024.25
6	2024-07-01	3.6145944595336914	2024-01-01	0.0	31	2024.5
6	2024-10-01	4.269110679626465	2024-04-01	0.0	32	2024.75
6	2025-01-01	4.701988697052002	2024-07-01	0.0	33	2025.0
6	2025-04-01	4.684465408325195	2024-10-01	0.0	34	2025.25
6	2025-07-01	6.444504261016846	2025-01-01	0.0	35	2025.5
6	2025-10-01	8.125694274902344	2025-04-01	0.0	36	2025.75
6	2026-01-01	5.974331378936768	2025-07-01	0.0	37	2026.0
6	2026-04-01	3.861969470977783	2025-10-01	0.0	38	2026.25
6	2026-07-01	3.955092191696167	2026-01-01	0.0	39	2026.5
6	2026-10-01	4.971419334411621	2026-04-01	0.0	40	2026.75
6	2027-01-01	8.179841995239258	2026-07-01	0.0	41	2027.0
6	2027-04-01	5.834179401397705	2026-10-01	0.0	42	2027.25
6	2027-07-01	7.041136264801025	2027-01-01	0.0	43	2027.5
6	2027-10-01	5.104618549346924	2027-04-01	0.0	44	2027.75
6	2028-01-01	4.662818431854248	2027-07-01	0.0	45	2028.0
6	2028-04-01	4.403812408447266	2027-10-01	0.0	46	2028.25
6	2028-07-01	5.655716896057129	2028-01-01	0.0	47	2028.5
6	2028-10-01	5.3216471672058105	2028-04-01	0.0	48	2028.75
6	2029-01-01	5.841002464294434	2028-07-01	0.0	49	2029.0
6	2029-04-01	4.498570442199707	2028-10-01	0.0	50	2029.25
6	2029-07-01	4.692863941192627	2029-01-01	0.0	51	2029.5
6	2029-10-01	5.152229309082031	2029-04-01	0.0	52	2029.75
6	2030-01-01	4.97344970703125	2029-07-01	0.0	53	2030.0
6	2030-04-01	4.560460090637207	2029-10-01	0.0	54	2030.25
6	2030-07-01	4.721202373504639	2030-01-01	0.0	55	2030.5
6	2030-10-01	4.793802261352539	2030-04-01	0.0	56	2030.75
6	2031-01-01	4.664285182952881	2030-07-01	0.0	57	2031.0
6	2031-04-01	5.052875995635986	2030-10-01	0.0	58	2031.25
6	2031-07-01	4.799479961395264	2031-01-01	0.0	59	2031.5
6	2031-10-01	6.328939914703369	2031-04-01	0.0	60	2031.75
6	2032-01-01	5.175070285797119	2031-07-01	0.0	61	2032.0
6	2032-04-01	4.138004302978516	2031-10-01	0.0	62	2032.25
6	2032-07-01	4.828611850738525	2032-01-01	0.0	63	2032.5
6	2032-10-01	4.141908168792725	2032-04-01	0.0	64	2032.75
6	2033-01-01	3.828255414962769	2032-07-01	0.0	65	2033.0
6	2033-04-01	5.971461296081543	2032-10-01	0.0	66	2033.25
6	2033-07-01	4.527276039123535	2033-01-01	0.0	67	2033.5
6	2033-10-01	4.103026866912842	2033-04-01	0.0	68	2033.75
6	2034-01-01	3.486238479614258	2033-07-01	0.0	69	2034.0
6	2034-04-01	4.80944299697876	2033-10-01	0.0	70	2034.25
6	2034-07-01	5.784968852996826	2034-01-01	0.0	71	2034.5
6	2034-10-01	4.972250461578369	2034-04-01	0.0	72	2034.75
6	2035-01-01	4.178979873657227	2034-07-01	0.0	73	2035.0
6	2035-04-01	4.209016799926758	2034-10-01	0.0	74	2035.25
6	2035-07-01	4.264913558959961	2035-01-01	0.0	75	2035.5
6	2035-10-01	4.302801132202148	2035-04-01	0.0	76	2035.75
6	2036-01-01	4.04267692565918	2035-07-01	0.0	77	2036.0
6	2036-04-01	4.854681015014648	2035-10-01	0.0	78	2036.25
6	2036-07-01	4.879744529724121	2036-01-01	0.0	79	2036.5
6	2036-10-01	4.3518900871276855	2036-04-01	0.0	80	2036.75
6	2037-01-01	4.503365516662598	2036-07-01	0.0	81	2037.0
6	2037-04-01	6.61802339553833	2036-10-01	0.0	82	2037.25
6	2037-07-01	3.0017874240875244	2037-01-01	0.0	83	2037.5
6	2037-10-01	3.2811968326568604	2037-04-01	0.0	84	2037.75
6	2038-01-01	4.122886657714844	2037-07-01	0.0	85	2038.0
6	2038-04-01	5.311895370483398	2037-10-01	0.0	86	2038.25
6	2038-07-01	3.3125905990600586	2038-01-01	0.0	87	2038.5
6	2038-10-01	3.4503302574157715	2038-04-01	0.0	88	2038.75
6	2039-01-01	3.4773316383361816	2038-07-01	0.0	89	2039.0
6	2039-04-01	3.9405810832977295	2038-10-01	0.0	90	2039.25
6	2039-07-01	4.198158264160156	2039-01-01	0.0	91	2039.5
6	2039-10-01	6.092755317687988	2039-04-01	0.0	92	2039.75
6	2040-01-01	9.899643898010254	2039-07-01	0.0	93	2040.0
6	2040-04-01	6.926250457763672	2039-10-01	0.0	94	2040.25
6	2040-07-01	4.62211799621582	2040-01-01	0.0	95	2040.5
6	2040-10-01	3.729241132736206	2040-04-01	0.0	96	2040.75
6	2017-04-01	6.277343273162842	2016-10-01	1.0	2	2017.25
6	2017-07-01	5.4736008644104	2017-01-01	1.0	3	2017.5
6	2017-10-01	4.279702663421631	2017-04-01	1.0	4	2017.75
6	2018-01-01	4.785016059875488	2017-07-01	1.0	5	2018.0
6	2018-04-01	4.469149112701416	2017-10-01	1.0	6	2018.25
6	2018-07-01	4.34706449508667	2018-01-01	1.0	7	2018.5
6	2018-10-01	4.156272888183594	2018-04-01	1.0	8	2018.75
6	2019-01-01	5.077992916107178	2018-07-01	1.0	9	2019.0
6	2019-04-01	5.406777858734131	2018-10-01	1.0	10	2019.25
6	2019-07-01	5.591426849365234	2019-01-01	1.0	11	2019.5
6	2019-10-01	9.123269081115724	2019-04-01	1.0	12	2019.75
6	2020-01-01	8.269562721252441	2019-07-01	1.0	13	2020.0
6	2020-04-01	6.372089385986328	2019-10-01	1.0	14	2020.25
6	2020-07-01	5.246354579925537	2020-01-01	1.0	15	2020.5
6	2020-10-01	4.276950836181641	2020-04-01	1.0	16	2020.75
6	2021-01-01	4.8648223876953125	2020-07-01	1.0	17	2021.0
6	2021-04-01	4.511898517608643	2020-10-01	1.0	18	2021.25
6	2021-07-01	4.888979434967041	2021-01-01	1.0	19	2021.5
6	2021-10-01	4.743519306182861	2021-04-01	1.0	20	2021.75
6	2022-01-01	5.049595832824707	2021-07-01	1.0	21	2022.0
6	2022-04-01	5.534457206726074	2021-10-01	1.0	22	2022.25
6	2022-07-01	5.065762519836426	2022-01-01	1.0	23	2022.5
6	2022-10-01	5.755716323852539	2022-04-01	1.0	24	2022.75
6	2023-01-01	5.8512468338012695	2022-07-01	1.0	25	2023.0
6	2023-04-01	7.252986907958984	2022-10-01	1.0	26	2023.25
6	2023-07-01	7.63355541229248	2023-01-01	1.0	27	2023.5
6	2023-10-01	6.285689353942871	2023-04-01	1.0	28	2023.75
6	2024-01-01	5.882805347442627	2023-07-01	1.0	29	2024.0
6	2024-04-01	6.31520414352417	2023-10-01	1.0	30	2024.25
6	2024-07-01	4.502810478210449	2024-01-01	1.0	31	2024.5
6	2024-10-01	4.615759372711182	2024-04-01	1.0	32	2024.75
6	2025-01-01	5.280616283416748	2024-07-01	1.0	33	2025.0
6	2025-04-01	4.705973148345947	2024-10-01	1.0	34	2025.25
6	2025-07-01	6.654551029205322	2025-01-01	1.0	35	2025.5
6	2025-10-01	8.124449729919434	2025-04-01	1.0	36	2025.75
6	2026-01-01	8.535355567932129	2025-07-01	1.0	37	2026.0
6	2026-04-01	4.947886943817139	2025-10-01	1.0	38	2026.25
6	2026-07-01	4.211113452911377	2026-01-01	1.0	39	2026.5
6	2026-10-01	5.282931327819824	2026-04-01	1.0	40	2026.75
6	2027-01-01	8.132001876831055	2026-07-01	1.0	41	2027.0
6	2027-04-01	7.381914615631103	2026-10-01	1.0	42	2027.25
6	2027-07-01	7.338316440582275	2027-01-01	1.0	43	2027.5
6	2027-10-01	7.951163291931152	2027-04-01	1.0	44	2027.75
6	2028-01-01	5.2725372314453125	2027-07-01	1.0	45	2028.0
6	2028-04-01	5.263199806213379	2027-10-01	1.0	46	2028.25
6	2028-07-01	6.08334493637085	2028-01-01	1.0	47	2028.5
6	2028-10-01	5.826384544372559	2028-04-01	1.0	48	2028.75
6	2029-01-01	6.246623516082764	2028-07-01	1.0	49	2029.0
6	2029-04-01	4.804370880126953	2028-10-01	1.0	50	2029.25
6	2029-07-01	5.107973098754883	2029-01-01	1.0	51	2029.5
6	2029-10-01	5.423318386077881	2029-04-01	1.0	52	2029.75
6	2030-01-01	5.934005260467529	2029-07-01	1.0	53	2030.0
6	2030-04-01	5.105030059814453	2029-10-01	1.0	54	2030.25
6	2030-07-01	5.342904090881348	2030-01-01	1.0	55	2030.5
6	2030-10-01	5.04608678817749	2030-04-01	1.0	56	2030.75
6	2031-01-01	4.442063808441162	2030-07-01	1.0	57	2031.0
6	2031-04-01	5.571280002593994	2030-10-01	1.0	58	2031.25
6	2031-07-01	5.48625373840332	2031-01-01	1.0	59	2031.5
6	2031-10-01	6.737487316131592	2031-04-01	1.0	60	2031.75
6	2032-01-01	5.38743257522583	2031-07-01	1.0	61	2032.0
6	2032-04-01	4.608100891113281	2031-10-01	1.0	62	2032.25
6	2032-07-01	5.070993900299072	2032-01-01	1.0	63	2032.5
6	2032-10-01	4.606382369995117	2032-04-01	1.0	64	2032.75
6	2033-01-01	4.13673210144043	2032-07-01	1.0	65	2033.0
6	2033-04-01	6.0047783851623535	2032-10-01	1.0	66	2033.25
6	2033-07-01	5.505947113037109	2033-01-01	1.0	67	2033.5
6	2033-10-01	5.665928363800049	2033-04-01	1.0	68	2033.75
6	2034-01-01	4.394534587860107	2033-07-01	1.0	69	2034.0
6	2034-04-01	5.144910335540772	2033-10-01	1.0	70	2034.25
6	2034-07-01	5.888331890106201	2034-01-01	1.0	71	2034.5
6	2034-10-01	7.644056797027588	2034-04-01	1.0	72	2034.75
6	2035-01-01	4.635958194732666	2034-07-01	1.0	73	2035.0
6	2035-04-01	4.195120334625244	2034-10-01	1.0	74	2035.25
6	2035-07-01	4.579134464263916	2035-01-01	1.0	75	2035.5
6	2035-10-01	5.117923736572266	2035-04-01	1.0	76	2035.75
6	2036-01-01	4.841546535491943	2035-07-01	1.0	77	2036.0
6	2036-04-01	5.28194522857666	2035-10-01	1.0	78	2036.25
6	2036-07-01	5.4309258460998535	2036-01-01	1.0	79	2036.5
6	2036-10-01	4.319921493530273	2036-04-01	1.0	80	2036.75
6	2037-01-01	4.629000186920166	2036-07-01	1.0	81	2037.0
6	2037-04-01	6.778367519378662	2036-10-01	1.0	82	2037.25
6	2037-07-01	3.2373242378234863	2037-01-01	1.0	83	2037.5
6	2037-10-01	3.6413612365722656	2037-04-01	1.0	84	2037.75
6	2038-01-01	4.150713920593262	2037-07-01	1.0	85	2038.0
6	2038-04-01	5.316485404968262	2037-10-01	1.0	86	2038.25
6	2038-07-01	3.77130389213562	2038-01-01	1.0	87	2038.5
6	2038-10-01	3.6301932334899902	2038-04-01	1.0	88	2038.75
6	2039-01-01	3.395849227905273	2038-07-01	1.0	89	2039.0
6	2039-04-01	4.300360202789307	2038-10-01	1.0	90	2039.25
6	2039-07-01	4.542398929595947	2039-01-01	1.0	91	2039.5
6	2039-10-01	6.294162750244141	2039-04-01	1.0	92	2039.75
6	2040-01-01	9.903741836547852	2039-07-01	1.0	93	2040.0
6	2040-04-01	7.692683696746826	2039-10-01	1.0	94	2040.25
6	2040-07-01	4.871213436126709	2040-01-01	1.0	95	2040.5
6	2040-10-01	3.925862073898315	2040-04-01	1.0	96	2040.75
6	2017-04-01	6.937082767486572	2016-10-01	3.0	2	2017.25
6	2017-07-01	5.368487358093262	2017-01-01	3.0	3	2017.5
6	2017-10-01	5.569527626037598	2017-04-01	3.0	4	2017.75
6	2018-01-01	5.057021141052246	2017-07-01	3.0	5	2018.0
6	2018-04-01	4.4932966232299805	2017-10-01	3.0	6	2018.25
6	2018-07-01	4.565854072570801	2018-01-01	3.0	7	2018.5
6	2018-10-01	4.795436382293701	2018-04-01	3.0	8	2018.75
6	2019-01-01	5.701549053192139	2018-07-01	3.0	9	2019.0
6	2019-04-01	6.110791206359863	2018-10-01	3.0	10	2019.25
6	2019-07-01	5.618490695953369	2019-01-01	3.0	11	2019.5
6	2019-10-01	9.217018127441406	2019-04-01	3.0	12	2019.75
6	2020-01-01	9.341957092285156	2019-07-01	3.0	13	2020.0
6	2020-04-01	7.0826826095581055	2019-10-01	3.0	14	2020.25
6	2020-07-01	6.361220359802246	2020-01-01	3.0	15	2020.5
6	2020-10-01	5.286325931549072	2020-04-01	3.0	16	2020.75
6	2021-01-01	5.391566276550293	2020-07-01	3.0	17	2021.0
6	2021-04-01	5.118484973907471	2020-10-01	3.0	18	2021.25
6	2021-07-01	4.673521518707275	2021-01-01	3.0	19	2021.5
6	2021-10-01	5.611597061157227	2021-04-01	3.0	20	2021.75
6	2022-01-01	5.334412097930908	2021-07-01	3.0	21	2022.0
6	2022-04-01	5.0702409744262695	2021-10-01	3.0	22	2022.25
6	2022-07-01	5.8160600662231445	2022-01-01	3.0	23	2022.5
6	2022-10-01	5.662900447845459	2022-04-01	3.0	24	2022.75
6	2023-01-01	6.384561061859131	2022-07-01	3.0	25	2023.0
6	2023-04-01	7.866362571716309	2022-10-01	3.0	26	2023.25
6	2023-07-01	9.216257095336914	2023-01-01	3.0	27	2023.5
6	2023-10-01	7.062575340270996	2023-04-01	3.0	28	2023.75
6	2024-01-01	6.072323322296143	2023-07-01	3.0	29	2024.0
6	2024-04-01	6.119077682495117	2023-10-01	3.0	30	2024.25
6	2024-07-01	5.147384643554688	2024-01-01	3.0	31	2024.5
6	2024-10-01	4.920514583587647	2024-04-01	3.0	32	2024.75
6	2025-01-01	5.907524585723877	2024-07-01	3.0	33	2025.0
6	2025-04-01	5.134759426116943	2024-10-01	3.0	34	2025.25
6	2025-07-01	6.845372676849365	2025-01-01	3.0	35	2025.5
6	2025-10-01	7.807492733001709	2025-04-01	3.0	36	2025.75
6	2026-01-01	9.848592758178713	2025-07-01	3.0	37	2026.0
6	2026-04-01	4.969342231750488	2025-10-01	3.0	38	2026.25
6	2026-07-01	4.689043521881104	2026-01-01	3.0	39	2026.5
6	2026-10-01	5.775961399078369	2026-04-01	3.0	40	2026.75
6	2027-01-01	8.56966781616211	2026-07-01	3.0	41	2027.0
6	2027-04-01	8.183283805847168	2026-10-01	3.0	42	2027.25
6	2027-07-01	7.827787399291992	2027-01-01	3.0	43	2027.5
6	2027-10-01	9.460597038269045	2027-04-01	3.0	44	2027.75
6	2028-01-01	7.31821346282959	2027-07-01	3.0	45	2028.0
6	2028-04-01	5.4735918045043945	2027-10-01	3.0	46	2028.25
6	2028-07-01	6.530852794647217	2028-01-01	3.0	47	2028.5
6	2028-10-01	6.762658596038818	2028-04-01	3.0	48	2028.75
6	2029-01-01	6.647788047790527	2028-07-01	3.0	49	2029.0
6	2029-04-01	6.324103832244873	2028-10-01	3.0	50	2029.25
6	2029-07-01	5.593689918518066	2029-01-01	3.0	51	2029.5
6	2029-10-01	5.324183464050293	2029-04-01	3.0	52	2029.75
6	2030-01-01	5.954139709472656	2029-07-01	3.0	53	2030.0
6	2030-04-01	6.48228120803833	2029-10-01	3.0	54	2030.25
6	2030-07-01	5.186540603637695	2030-01-01	3.0	55	2030.5
6	2030-10-01	4.5115461349487305	2030-04-01	3.0	56	2030.75
6	2031-01-01	5.364562511444092	2030-07-01	3.0	57	2031.0
6	2031-04-01	7.935486793518066	2030-10-01	3.0	58	2031.25
6	2031-07-01	6.709500789642334	2031-01-01	3.0	59	2031.5
6	2031-10-01	8.450468063354492	2031-04-01	3.0	60	2031.75
6	2032-01-01	6.276932716369629	2031-07-01	3.0	61	2032.0
6	2032-04-01	5.502596855163574	2031-10-01	3.0	62	2032.25
6	2032-07-01	5.014464378356934	2032-01-01	3.0	63	2032.5
6	2032-10-01	5.43979024887085	2032-04-01	3.0	64	2032.75
6	2033-01-01	4.494861602783203	2032-07-01	3.0	65	2033.0
6	2033-04-01	5.850283145904541	2032-10-01	3.0	66	2033.25
6	2033-07-01	7.741476535797119	2033-01-01	3.0	67	2033.5
6	2033-10-01	5.653172492980957	2033-04-01	3.0	68	2033.75
6	2034-01-01	4.9688215255737305	2033-07-01	3.0	69	2034.0
6	2034-04-01	4.988002300262451	2033-10-01	3.0	70	2034.25
6	2034-07-01	6.302422523498535	2034-01-01	3.0	71	2034.5
6	2034-10-01	7.273056030273437	2034-04-01	3.0	72	2034.75
6	2035-01-01	5.347299098968506	2034-07-01	3.0	73	2035.0
6	2035-04-01	4.431632995605469	2034-10-01	3.0	74	2035.25
6	2035-07-01	4.888963222503662	2035-01-01	3.0	75	2035.5
6	2035-10-01	5.43867826461792	2035-04-01	3.0	76	2035.75
6	2036-01-01	5.827404022216797	2035-07-01	3.0	77	2036.0
6	2036-04-01	5.794512271881104	2035-10-01	3.0	78	2036.25
6	2036-07-01	5.699014186859131	2036-01-01	3.0	79	2036.5
6	2036-10-01	4.708791255950928	2036-04-01	3.0	80	2036.75
6	2037-01-01	5.456172466278076	2036-07-01	3.0	81	2037.0
6	2037-04-01	6.610535621643066	2036-10-01	3.0	82	2037.25
6	2037-07-01	3.9162421226501465	2037-01-01	3.0	83	2037.5
6	2037-10-01	3.82018518447876	2037-04-01	3.0	84	2037.75
6	2038-01-01	4.295536518096924	2037-07-01	3.0	85	2038.0
6	2038-04-01	5.432382583618164	2037-10-01	3.0	86	2038.25
6	2038-07-01	4.687458038330078	2038-01-01	3.0	87	2038.5
6	2038-10-01	3.978904962539673	2038-04-01	3.0	88	2038.75
6	2039-01-01	3.956653118133545	2038-07-01	3.0	89	2039.0
6	2039-04-01	4.344786643981934	2038-10-01	3.0	90	2039.25
6	2039-07-01	4.511360168457031	2039-01-01	3.0	91	2039.5
6	2039-10-01	6.020519256591797	2039-04-01	3.0	92	2039.75
6	2040-01-01	9.6560697555542	2039-07-01	3.0	93	2040.0
6	2040-04-01	9.227331161499023	2039-10-01	3.0	94	2040.25
6	2040-07-01	5.545841217041016	2040-01-01	3.0	95	2040.5
6	2040-10-01	4.215162754058838	2040-04-01	3.0	96	2040.75
9	2017-07-01	6.564031600952148	2016-10-01	0.0	3	2017.5
9	2017-10-01	4.78803300857544	2017-01-01	0.0	4	2017.75
9	2018-01-01	4.21523904800415	2017-04-01	0.0	5	2018.0
9	2018-04-01	4.580356597900391	2017-07-01	0.0	6	2018.25
9	2018-07-01	4.392002105712891	2017-10-01	0.0	7	2018.5
9	2018-10-01	4.71174430847168	2018-01-01	0.0	8	2018.75
9	2019-01-01	4.807244300842285	2018-04-01	0.0	9	2019.0
9	2019-04-01	5.710307598114014	2018-07-01	0.0	10	2019.25
9	2019-07-01	5.025699615478516	2018-10-01	0.0	11	2019.5
9	2019-10-01	8.740674018859863	2019-01-01	0.0	12	2019.75
9	2020-01-01	10.194488525390623	2019-04-01	0.0	13	2020.0
9	2020-04-01	6.68610954284668	2019-07-01	0.0	14	2020.25
9	2020-07-01	5.63214111328125	2019-10-01	0.0	15	2020.5
9	2020-10-01	4.611186504364014	2020-01-01	0.0	16	2020.75
9	2021-01-01	4.597404956817627	2020-04-01	0.0	17	2021.0
9	2021-04-01	4.834707260131836	2020-07-01	0.0	18	2021.25
9	2021-07-01	4.457709789276123	2020-10-01	0.0	19	2021.5
9	2021-10-01	5.13179349899292	2021-01-01	0.0	20	2021.75
9	2022-01-01	5.020676612854004	2021-04-01	0.0	21	2022.0
9	2022-04-01	5.554543495178223	2021-07-01	0.0	22	2022.25
9	2022-07-01	5.413679122924805	2021-10-01	0.0	23	2022.5
9	2022-10-01	5.986093044281006	2022-01-01	0.0	24	2022.75
9	2023-01-01	6.538914680480957	2022-04-01	0.0	25	2023.0
9	2023-04-01	6.6504106521606445	2022-07-01	0.0	26	2023.25
9	2023-07-01	8.270236015319824	2022-10-01	0.0	27	2023.5
9	2023-10-01	6.618582248687744	2023-01-01	0.0	28	2023.75
9	2024-01-01	5.603611469268799	2023-04-01	0.0	29	2024.0
9	2024-04-01	6.5282816886901855	2023-07-01	0.0	30	2024.25
9	2024-07-01	6.290747165679932	2023-10-01	0.0	31	2024.5
9	2024-10-01	5.5993332862854	2024-01-01	0.0	32	2024.75
9	2025-01-01	5.502487659454346	2024-04-01	0.0	33	2025.0
9	2025-04-01	5.67758846282959	2024-07-01	0.0	34	2025.25
9	2025-07-01	6.681673526763916	2024-10-01	0.0	35	2025.5
9	2025-10-01	8.223928451538086	2025-01-01	0.0	36	2025.75
9	2026-01-01	9.973665237426758	2025-04-01	0.0	37	2026.0
9	2026-04-01	6.579101085662842	2025-07-01	0.0	38	2026.25
9	2026-07-01	4.690756320953369	2025-10-01	0.0	39	2026.5
9	2026-10-01	5.416699409484863	2026-01-01	0.0	40	2026.75
9	2027-01-01	7.667080402374268	2026-04-01	0.0	41	2027.0
9	2027-04-01	8.294477462768555	2026-07-01	0.0	42	2027.25
9	2027-07-01	6.554628372192383	2026-10-01	0.0	43	2027.5
9	2027-10-01	8.887486457824707	2027-01-01	0.0	44	2027.75
9	2028-01-01	5.050460815429688	2027-04-01	0.0	45	2028.0
9	2028-04-01	5.318877696990967	2027-07-01	0.0	46	2028.25
9	2028-07-01	5.552023410797119	2027-10-01	0.0	47	2028.5
9	2028-10-01	7.389813423156738	2028-01-01	0.0	48	2028.75
9	2029-01-01	5.973396301269531	2028-04-01	0.0	49	2029.0
9	2029-04-01	6.491110801696777	2028-07-01	0.0	50	2029.25
9	2029-07-01	5.056806564331055	2028-10-01	0.0	51	2029.5
9	2029-10-01	5.755460262298584	2029-01-01	0.0	52	2029.75
9	2030-01-01	6.295837879180908	2029-04-01	0.0	53	2030.0
9	2030-04-01	5.542385578155518	2029-07-01	0.0	54	2030.25
9	2030-07-01	5.058730125427246	2029-10-01	0.0	55	2030.5
9	2030-10-01	5.734926223754883	2030-01-01	0.0	56	2030.75
9	2031-01-01	5.110172271728516	2030-04-01	0.0	57	2031.0
9	2031-04-01	6.194100379943848	2030-07-01	0.0	58	2031.25
9	2031-07-01	6.149645805358887	2030-10-01	0.0	59	2031.5
9	2031-10-01	6.873173236846924	2031-01-01	0.0	60	2031.75
9	2032-01-01	8.03566837310791	2031-04-01	0.0	61	2032.0
9	2032-04-01	5.353828430175781	2031-07-01	0.0	62	2032.25
9	2032-07-01	4.817459583282471	2031-10-01	0.0	63	2032.5
9	2032-10-01	5.139762878417969	2032-01-01	0.0	64	2032.75
9	2033-01-01	4.761385440826416	2032-04-01	0.0	65	2033.0
9	2033-04-01	5.790722846984863	2032-07-01	0.0	66	2033.25
9	2033-07-01	7.488208293914795	2032-10-01	0.0	67	2033.5
9	2033-10-01	4.622225284576416	2033-01-01	0.0	68	2033.75
9	2034-01-01	4.733383655548096	2033-04-01	0.0	69	2034.0
9	2034-04-01	4.028599739074707	2033-07-01	0.0	70	2034.25
9	2034-07-01	6.306914806365967	2033-10-01	0.0	71	2034.5
9	2034-10-01	7.762124538421631	2034-01-01	0.0	72	2034.75
9	2035-01-01	4.491299629211426	2034-04-01	0.0	73	2035.0
9	2035-04-01	4.464944839477539	2034-07-01	0.0	74	2035.25
9	2035-07-01	4.910088539123535	2034-10-01	0.0	75	2035.5
9	2035-10-01	5.039056777954102	2035-01-01	0.0	76	2035.75
9	2036-01-01	5.512722492218018	2035-04-01	0.0	77	2036.0
9	2036-04-01	4.463447093963623	2035-07-01	0.0	78	2036.25
9	2036-07-01	5.0257439613342285	2035-10-01	0.0	79	2036.5
9	2036-10-01	4.673468589782715	2036-01-01	0.0	80	2036.75
9	2037-01-01	4.624969005584717	2036-04-01	0.0	81	2037.0
9	2037-04-01	6.700261116027832	2036-07-01	0.0	82	2037.25
9	2037-07-01	7.57404088973999	2036-10-01	0.0	83	2037.5
9	2037-10-01	3.303532600402832	2037-01-01	0.0	84	2037.75
9	2038-01-01	3.88659405708313	2037-04-01	0.0	85	2038.0
9	2038-04-01	5.234035968780518	2037-07-01	0.0	86	2038.25
9	2038-07-01	5.693164348602295	2037-10-01	0.0	87	2038.5
9	2038-10-01	3.843076944351196	2038-01-01	0.0	88	2038.75
9	2039-01-01	3.623022794723511	2038-04-01	0.0	89	2039.0
9	2039-04-01	4.287644863128662	2038-07-01	0.0	90	2039.25
9	2039-07-01	4.719566822052002	2038-10-01	0.0	91	2039.5
9	2039-10-01	6.465057849884033	2039-01-01	0.0	92	2039.75
9	2040-01-01	9.07975959777832	2039-04-01	0.0	93	2040.0
9	2040-04-01	10.324236869812012	2039-07-01	0.0	94	2040.25
9	2040-07-01	8.398721694946289	2039-10-01	0.0	95	2040.5
9	2040-10-01	5.679206848144531	2040-01-01	0.0	96	2040.75
9	2017-07-01	7.327940940856934	2016-10-01	1.0	3	2017.5
9	2017-10-01	5.165940761566162	2017-01-01	1.0	4	2017.75
9	2018-01-01	4.415960311889648	2017-04-01	1.0	5	2018.0
9	2018-04-01	4.864132881164551	2017-07-01	1.0	6	2018.25
9	2018-07-01	4.680760383605957	2017-10-01	1.0	7	2018.5
9	2018-10-01	5.151509761810303	2018-01-01	1.0	8	2018.75
9	2019-01-01	4.948048114776611	2018-04-01	1.0	9	2019.0
9	2019-04-01	6.0572509765625	2018-07-01	1.0	10	2019.25
9	2019-07-01	6.342136859893799	2018-10-01	1.0	11	2019.5
9	2019-10-01	9.06033706665039	2019-01-01	1.0	12	2019.75
9	2020-01-01	10.594021797180176	2019-04-01	1.0	13	2020.0
9	2020-04-01	6.747122287750244	2019-07-01	1.0	14	2020.25
9	2020-07-01	6.66107988357544	2019-10-01	1.0	15	2020.5
9	2020-10-01	5.066893100738525	2020-01-01	1.0	16	2020.75
9	2021-01-01	5.013785362243652	2020-04-01	1.0	17	2021.0
9	2021-04-01	5.3831071853637695	2020-07-01	1.0	18	2021.25
9	2021-07-01	4.982178211212158	2020-10-01	1.0	19	2021.5
9	2021-10-01	5.493462562561035	2021-01-01	1.0	20	2021.75
9	2022-01-01	5.277847766876221	2021-04-01	1.0	21	2022.0
9	2022-04-01	6.405097961425781	2021-07-01	1.0	22	2022.25
9	2022-07-01	5.537106513977051	2021-10-01	1.0	23	2022.5
9	2022-10-01	6.248868942260742	2022-01-01	1.0	24	2022.75
9	2023-01-01	7.798729419708252	2022-04-01	1.0	25	2023.0
9	2023-04-01	6.329599380493164	2022-07-01	1.0	26	2023.25
9	2023-07-01	8.520439147949219	2022-10-01	1.0	27	2023.5
9	2023-10-01	8.65278148651123	2023-01-01	1.0	28	2023.75
9	2024-01-01	6.139998435974121	2023-04-01	1.0	29	2024.0
9	2024-04-01	6.719440460205078	2023-07-01	1.0	30	2024.25
9	2024-07-01	6.526338577270508	2023-10-01	1.0	31	2024.5
9	2024-10-01	6.978366374969482	2024-01-01	1.0	32	2024.75
9	2025-01-01	5.777225494384766	2024-04-01	1.0	33	2025.0
9	2025-04-01	5.846219062805176	2024-07-01	1.0	34	2025.25
9	2025-07-01	6.72023344039917	2024-10-01	1.0	35	2025.5
9	2025-10-01	8.213544845581055	2025-01-01	1.0	36	2025.75
9	2026-01-01	9.783636093139648	2025-04-01	1.0	37	2026.0
9	2026-04-01	10.21628761291504	2025-07-01	1.0	38	2026.25
9	2026-07-01	5.877664089202881	2025-10-01	1.0	39	2026.5
9	2026-10-01	5.68817949295044	2026-01-01	1.0	40	2026.75
9	2027-01-01	7.798655986785889	2026-04-01	1.0	41	2027.0
9	2027-04-01	8.269024848937988	2026-07-01	1.0	42	2027.25
9	2027-07-01	8.536789894104004	2026-10-01	1.0	43	2027.5
9	2027-10-01	9.19810676574707	2027-01-01	1.0	44	2027.75
9	2028-01-01	8.354401588439941	2027-04-01	1.0	45	2028.0
9	2028-04-01	5.94568395614624	2027-07-01	1.0	46	2028.25
9	2028-07-01	6.440866947174072	2027-10-01	1.0	47	2028.5
9	2028-10-01	7.620014667510986	2028-01-01	1.0	48	2028.75
9	2029-01-01	6.788938045501709	2028-04-01	1.0	49	2029.0
9	2029-04-01	6.724295139312744	2028-07-01	1.0	50	2029.25
9	2029-07-01	5.164050102233887	2028-10-01	1.0	51	2029.5
9	2029-10-01	6.092331409454346	2029-01-01	1.0	52	2029.75
9	2030-01-01	6.30114221572876	2029-04-01	1.0	53	2030.0
9	2030-04-01	6.731045722961426	2029-07-01	1.0	54	2030.25
9	2030-07-01	5.513949871063232	2029-10-01	1.0	55	2030.5
9	2030-10-01	6.040741443634033	2030-01-01	1.0	56	2030.75
9	2031-01-01	5.282662868499756	2030-04-01	1.0	57	2031.0
9	2031-04-01	5.2919745445251465	2030-07-01	1.0	58	2031.25
9	2031-07-01	6.798141956329346	2030-10-01	1.0	59	2031.5
9	2031-10-01	8.196460723876953	2031-01-01	1.0	60	2031.75
9	2032-01-01	8.181526184082031	2031-04-01	1.0	61	2032.0
9	2032-04-01	5.303086757659912	2031-07-01	1.0	62	2032.25
9	2032-07-01	4.850065231323242	2031-10-01	1.0	63	2032.5
9	2032-10-01	5.331111907958984	2032-01-01	1.0	64	2032.75
9	2033-01-01	5.037536144256592	2032-04-01	1.0	65	2033.0
9	2033-04-01	5.9479827880859375	2032-07-01	1.0	66	2033.25
9	2033-07-01	7.561000347137451	2032-10-01	1.0	67	2033.5
9	2033-10-01	5.835525989532471	2033-01-01	1.0	68	2033.75
9	2034-01-01	5.884347915649414	2033-04-01	1.0	69	2034.0
9	2034-04-01	5.331177711486816	2033-07-01	1.0	70	2034.25
9	2034-07-01	7.203090190887451	2033-10-01	1.0	71	2034.5
9	2034-10-01	7.694328308105469	2034-01-01	1.0	72	2034.75
9	2035-01-01	8.269538879394531	2034-04-01	1.0	73	2035.0
9	2035-04-01	4.752019882202148	2034-07-01	1.0	74	2035.25
9	2035-07-01	4.901463508605957	2034-10-01	1.0	75	2035.5
9	2035-10-01	5.186153888702393	2035-01-01	1.0	76	2035.75
9	2036-01-01	5.747901439666748	2035-04-01	1.0	77	2036.0
9	2036-04-01	5.226754665374756	2035-07-01	1.0	78	2036.25
9	2036-07-01	5.303700923919678	2035-10-01	1.0	79	2036.5
9	2036-10-01	5.141735553741455	2036-01-01	1.0	80	2036.75
9	2037-01-01	4.52351713180542	2036-04-01	1.0	81	2037.0
9	2037-04-01	6.774653434753418	2036-07-01	1.0	82	2037.25
9	2037-07-01	7.673338890075684	2036-10-01	1.0	83	2037.5
9	2037-10-01	3.5026113986968994	2037-01-01	1.0	84	2037.75
9	2038-01-01	3.9621615409851074	2037-04-01	1.0	85	2038.0
9	2038-04-01	5.335734844207764	2037-07-01	1.0	86	2038.25
9	2038-07-01	5.687083721160889	2037-10-01	1.0	87	2038.5
9	2038-10-01	4.202793598175049	2038-01-01	1.0	88	2038.75
9	2039-01-01	3.715742826461792	2038-04-01	1.0	89	2039.0
9	2039-04-01	4.065698623657227	2038-07-01	1.0	90	2039.25
9	2039-07-01	5.026773452758789	2038-10-01	1.0	91	2039.5
9	2039-10-01	6.680856227874756	2039-01-01	1.0	92	2039.75
9	2040-01-01	9.200121879577637	2039-04-01	1.0	93	2040.0
9	2040-04-01	10.336654663085938	2039-07-01	1.0	94	2040.25
9	2040-07-01	8.962791442871094	2039-10-01	1.0	95	2040.5
9	2040-10-01	5.864243030548096	2040-01-01	1.0	96	2040.75
9	2017-07-01	7.6691694259643555	2016-10-01	3.0	3	2017.5
9	2017-10-01	5.09232234954834	2017-01-01	3.0	4	2017.75
9	2018-01-01	5.2353596687316895	2017-04-01	3.0	5	2018.0
9	2018-04-01	5.213856220245361	2017-07-01	3.0	6	2018.25
9	2018-07-01	5.062831878662109	2017-10-01	3.0	7	2018.5
9	2018-10-01	5.4692230224609375	2018-01-01	3.0	8	2018.75
9	2019-01-01	5.52425479888916	2018-04-01	3.0	9	2019.0
9	2019-04-01	6.484419822692871	2018-07-01	3.0	10	2019.25
9	2019-07-01	6.806396961212158	2018-10-01	3.0	11	2019.5
9	2019-10-01	8.73217487335205	2019-01-01	3.0	12	2019.75
9	2020-01-01	10.575502395629885	2019-04-01	3.0	13	2020.0
9	2020-04-01	9.10214900970459	2019-07-01	3.0	14	2020.25
9	2020-07-01	6.679405689239502	2019-10-01	3.0	15	2020.5
9	2020-10-01	7.01751708984375	2020-01-01	3.0	16	2020.75
9	2021-01-01	5.76346492767334	2020-04-01	3.0	17	2021.0
9	2021-04-01	6.212114334106445	2020-07-01	3.0	18	2021.25
9	2021-07-01	5.235812664031982	2020-10-01	3.0	19	2021.5
9	2021-10-01	6.043998718261719	2021-01-01	3.0	20	2021.75
9	2022-01-01	6.05493688583374	2021-04-01	3.0	21	2022.0
9	2022-04-01	6.624242782592773	2021-07-01	3.0	22	2022.25
9	2022-07-01	5.92464017868042	2021-10-01	3.0	23	2022.5
9	2022-10-01	6.739603996276856	2022-01-01	3.0	24	2022.75
9	2023-01-01	8.057188987731934	2022-04-01	3.0	25	2023.0
9	2023-04-01	7.765496253967285	2022-07-01	3.0	26	2023.25
9	2023-07-01	9.091058731079102	2022-10-01	3.0	27	2023.5
9	2023-10-01	10.316697120666504	2023-01-01	3.0	28	2023.75
9	2024-01-01	6.764352321624756	2023-04-01	3.0	29	2024.0
9	2024-04-01	6.6467814445495605	2023-07-01	3.0	30	2024.25
9	2024-07-01	6.2354350090026855	2023-10-01	3.0	31	2024.5
9	2024-10-01	6.773681163787842	2024-01-01	3.0	32	2024.75
9	2025-01-01	5.9829301834106445	2024-04-01	3.0	33	2025.0
9	2025-04-01	6.998956203460693	2024-07-01	3.0	34	2025.25
9	2025-07-01	6.761460781097412	2024-10-01	3.0	35	2025.5
9	2025-10-01	8.474847793579102	2025-01-01	3.0	36	2025.75
9	2026-01-01	9.140664100646973	2025-04-01	3.0	37	2026.0
9	2026-04-01	10.812437057495115	2025-07-01	3.0	38	2026.25
9	2026-07-01	5.548394203186035	2025-10-01	3.0	39	2026.5
9	2026-10-01	5.965615749359131	2026-01-01	3.0	40	2026.75
9	2027-01-01	8.307097434997559	2026-04-01	3.0	41	2027.0
9	2027-04-01	8.311522483825684	2026-07-01	3.0	42	2027.25
9	2027-07-01	8.481654167175293	2026-10-01	3.0	43	2027.5
9	2027-10-01	9.590521812438965	2027-01-01	3.0	44	2027.75
9	2028-01-01	10.96073055267334	2027-04-01	3.0	45	2028.0
9	2028-04-01	8.012086868286133	2027-07-01	3.0	46	2028.25
9	2028-07-01	6.562458515167236	2027-10-01	3.0	47	2028.5
9	2028-10-01	8.381087303161621	2028-01-01	3.0	48	2028.75
9	2029-01-01	7.458804130554199	2028-04-01	3.0	49	2029.0
9	2029-04-01	6.81839656829834	2028-07-01	3.0	50	2029.25
9	2029-07-01	6.670754432678223	2028-10-01	3.0	51	2029.5
9	2029-10-01	6.358477592468262	2029-01-01	3.0	52	2029.75
9	2030-01-01	5.9952006340026855	2029-04-01	3.0	53	2030.0
9	2030-04-01	6.5417799949646	2029-07-01	3.0	54	2030.25
9	2030-07-01	7.949547290802002	2029-10-01	3.0	55	2030.5
9	2030-10-01	6.1125969886779785	2030-01-01	3.0	56	2030.75
9	2031-01-01	4.773260593414307	2030-04-01	3.0	57	2031.0
9	2031-04-01	6.620365142822266	2030-07-01	3.0	58	2031.25
9	2031-07-01	9.606809616088867	2030-10-01	3.0	59	2031.5
9	2031-10-01	9.123041152954102	2031-01-01	3.0	60	2031.75
9	2032-01-01	10.703481674194336	2031-04-01	3.0	61	2032.0
9	2032-04-01	6.059152603149414	2031-07-01	3.0	62	2032.25
9	2032-07-01	6.008089065551758	2031-10-01	3.0	63	2032.5
9	2032-10-01	5.323685646057129	2032-01-01	3.0	64	2032.75
9	2033-01-01	5.738559722900391	2032-04-01	3.0	65	2033.0
9	2033-04-01	6.166232109069824	2032-07-01	3.0	66	2033.25
9	2033-07-01	7.447516441345215	2032-10-01	3.0	67	2033.5
9	2033-10-01	8.547269821166992	2033-01-01	3.0	68	2033.75
9	2034-01-01	5.991996765136719	2033-04-01	3.0	69	2034.0
9	2034-04-01	5.899750709533691	2033-07-01	3.0	70	2034.25
9	2034-07-01	4.934582233428955	2033-10-01	3.0	71	2034.5
9	2034-10-01	7.949151039123535	2034-01-01	3.0	72	2034.75
9	2035-01-01	8.163283348083496	2034-04-01	3.0	73	2035.0
9	2035-04-01	5.368528366088867	2034-07-01	3.0	74	2035.25
9	2035-07-01	5.103221893310547	2034-10-01	3.0	75	2035.5
9	2035-10-01	5.081225872039795	2035-01-01	3.0	76	2035.75
9	2036-01-01	6.415319442749023	2035-04-01	3.0	77	2036.0
9	2036-04-01	7.057278633117676	2035-07-01	3.0	78	2036.25
9	2036-07-01	6.314631462097168	2035-10-01	3.0	79	2036.5
9	2036-10-01	5.598391532897949	2036-01-01	3.0	80	2036.75
9	2037-01-01	5.110698223114014	2036-04-01	3.0	81	2037.0
9	2037-04-01	7.180643081665039	2036-07-01	3.0	82	2037.25
9	2037-07-01	7.561315536499023	2036-10-01	3.0	83	2037.5
9	2037-10-01	4.209482669830322	2037-01-01	3.0	84	2037.75
9	2038-01-01	4.184467315673828	2037-04-01	3.0	85	2038.0
9	2038-04-01	5.583469390869141	2037-07-01	3.0	86	2038.25
9	2038-07-01	5.791121006011963	2037-10-01	3.0	87	2038.5
9	2038-10-01	4.840464115142822	2038-01-01	3.0	88	2038.75
9	2039-01-01	4.060643672943115	2038-04-01	3.0	89	2039.0
9	2039-04-01	4.562948703765869	2038-07-01	3.0	90	2039.25
9	2039-07-01	5.205083847045898	2038-10-01	3.0	91	2039.5
9	2039-10-01	6.56003475189209	2039-01-01	3.0	92	2039.75
9	2040-01-01	8.695389747619629	2039-04-01	3.0	93	2040.0
9	2040-04-01	10.30583667755127	2039-07-01	3.0	94	2040.25
9	2040-07-01	9.886981010437012	2039-10-01	3.0	95	2040.5
9	2040-10-01	6.431112289428711	2040-01-01	3.0	96	2040.75
12	2017-10-01	7.202792644500732	2016-10-01	0.0	4	2017.75
12	2018-01-01	4.893821716308594	2017-01-01	0.0	5	2018.0
12	2018-04-01	4.472721099853516	2017-04-01	0.0	6	2018.25
12	2018-07-01	4.885854244232178	2017-07-01	0.0	7	2018.5
12	2018-10-01	5.181694507598877	2017-10-01	0.0	8	2018.75
12	2019-01-01	5.495225429534912	2018-01-01	0.0	9	2019.0
12	2019-04-01	5.970825672149658	2018-04-01	0.0	10	2019.25
12	2019-07-01	6.030104160308838	2018-07-01	0.0	11	2019.5
12	2019-10-01	8.011735916137695	2018-10-01	0.0	12	2019.75
12	2020-01-01	10.11766242980957	2019-01-01	0.0	13	2020.0
12	2020-04-01	10.54760456085205	2019-04-01	0.0	14	2020.25
12	2020-07-01	6.349174499511719	2019-07-01	0.0	15	2020.5
12	2020-10-01	5.3067307472229	2019-10-01	0.0	16	2020.75
12	2021-01-01	5.525065898895264	2020-01-01	0.0	17	2021.0
12	2021-04-01	5.281797885894775	2020-04-01	0.0	18	2021.25
12	2021-07-01	5.058742046356201	2020-07-01	0.0	19	2021.5
12	2021-10-01	5.3379645347595215	2020-10-01	0.0	20	2021.75
12	2022-01-01	5.758784770965576	2021-01-01	0.0	21	2022.0
12	2022-04-01	6.221194744110107	2021-04-01	0.0	22	2022.25
12	2022-07-01	6.378135681152344	2021-07-01	0.0	23	2022.5
12	2022-10-01	6.316869735717773	2021-10-01	0.0	24	2022.75
12	2023-01-01	7.519029140472412	2022-01-01	0.0	25	2023.0
12	2023-04-01	7.490113258361816	2022-04-01	0.0	26	2023.25
12	2023-07-01	7.543623447418213	2022-07-01	0.0	27	2023.5
12	2023-10-01	9.151555061340332	2022-10-01	0.0	28	2023.75
12	2024-01-01	6.609834671020508	2023-01-01	0.0	29	2024.0
12	2024-04-01	6.176814079284668	2023-04-01	0.0	30	2024.25
12	2024-07-01	6.901673793792725	2023-07-01	0.0	31	2024.5
12	2024-10-01	7.401973724365234	2023-10-01	0.0	32	2024.75
12	2025-01-01	7.72449779510498	2024-01-01	0.0	33	2025.0
12	2025-04-01	6.365061283111572	2024-04-01	0.0	34	2025.25
12	2025-07-01	7.196712017059326	2024-07-01	0.0	35	2025.5
12	2025-10-01	8.446695327758789	2024-10-01	0.0	36	2025.75
12	2026-01-01	9.6838960647583	2025-01-01	0.0	37	2026.0
12	2026-04-01	10.68820571899414	2025-04-01	0.0	38	2026.25
12	2026-07-01	7.537818908691406	2025-07-01	0.0	39	2026.5
12	2026-10-01	5.796862602233887	2025-10-01	0.0	40	2026.75
12	2027-01-01	7.786635875701904	2026-01-01	0.0	41	2027.0
12	2027-04-01	7.743841648101807	2026-04-01	0.0	42	2027.25
12	2027-07-01	8.234651565551758	2026-07-01	0.0	43	2027.5
12	2027-10-01	7.249390125274658	2026-10-01	0.0	44	2027.75
12	2028-01-01	9.708500862121582	2027-01-01	0.0	45	2028.0
12	2028-04-01	5.278056144714356	2027-04-01	0.0	46	2028.25
12	2028-07-01	6.302361011505127	2027-07-01	0.0	47	2028.5
12	2028-10-01	7.264440536499023	2027-10-01	0.0	48	2028.75
12	2029-01-01	8.29456615447998	2028-01-01	0.0	49	2029.0
12	2029-04-01	6.58843994140625	2028-04-01	0.0	50	2029.25
12	2029-07-01	6.670307159423828	2028-07-01	0.0	51	2029.5
12	2029-10-01	5.858522891998291	2028-10-01	0.0	52	2029.75
12	2030-01-01	6.798777103424072	2029-01-01	0.0	53	2030.0
12	2030-04-01	7.002575874328613	2029-04-01	0.0	54	2030.25
12	2030-07-01	5.697328090667725	2029-07-01	0.0	55	2030.5
12	2030-10-01	5.706381797790527	2029-10-01	0.0	56	2030.75
12	2031-01-01	6.367527008056641	2030-01-01	0.0	57	2031.0
12	2031-04-01	6.578537464141846	2030-04-01	0.0	58	2031.25
12	2031-07-01	6.614981651306152	2030-07-01	0.0	59	2031.5
12	2031-10-01	8.667277336120605	2030-10-01	0.0	60	2031.75
12	2032-01-01	7.98736047744751	2031-01-01	0.0	61	2032.0
12	2032-04-01	8.427312850952148	2031-04-01	0.0	62	2032.25
12	2032-07-01	5.39836311340332	2031-07-01	0.0	63	2032.5
12	2032-10-01	5.2239179611206055	2031-10-01	0.0	64	2032.75
12	2033-01-01	5.095184803009033	2032-01-01	0.0	65	2033.0
12	2033-04-01	6.139715194702148	2032-04-01	0.0	66	2033.25
12	2033-07-01	7.281827449798584	2032-07-01	0.0	67	2033.5
12	2033-10-01	8.490572929382324	2032-10-01	0.0	68	2033.75
12	2034-01-01	4.744431495666504	2033-01-01	0.0	69	2034.0
12	2034-04-01	5.380668640136719	2033-04-01	0.0	70	2034.25
12	2034-07-01	4.969351768493652	2033-07-01	0.0	71	2034.5
12	2034-10-01	7.222291469573975	2033-10-01	0.0	72	2034.75
12	2035-01-01	8.45208740234375	2034-01-01	0.0	73	2035.0
12	2035-04-01	4.743818283081055	2034-04-01	0.0	74	2035.25
12	2035-07-01	5.136016845703125	2034-07-01	0.0	75	2035.5
12	2035-10-01	5.455937385559082	2034-10-01	0.0	76	2035.75
12	2036-01-01	5.679498672485352	2035-01-01	0.0	77	2036.0
12	2036-04-01	6.516931533813477	2035-04-01	0.0	78	2036.25
12	2036-07-01	4.721917629241943	2035-07-01	0.0	79	2036.5
12	2036-10-01	4.548071384429932	2035-10-01	0.0	80	2036.75
12	2037-01-01	4.886179924011231	2036-01-01	0.0	81	2037.0
12	2037-04-01	6.266592025756836	2036-04-01	0.0	82	2037.25
12	2037-07-01	7.413551330566406	2036-07-01	0.0	83	2037.5
12	2037-10-01	7.935972690582275	2036-10-01	0.0	84	2037.75
12	2038-01-01	3.559065580368042	2037-01-01	0.0	85	2038.0
12	2038-04-01	5.353444576263428	2037-04-01	0.0	86	2038.25
12	2038-07-01	5.61659049987793	2037-07-01	0.0	87	2038.5
12	2038-10-01	5.925471305847168	2037-10-01	0.0	88	2038.75
12	2039-01-01	3.82696270942688	2038-01-01	0.0	89	2039.0
12	2039-04-01	4.162782669067383	2038-04-01	0.0	90	2039.25
12	2039-07-01	5.19575834274292	2038-07-01	0.0	91	2039.5
12	2039-10-01	6.5657172203063965	2038-10-01	0.0	92	2039.75
12	2040-01-01	8.639265060424805	2039-01-01	0.0	93	2040.0
12	2040-04-01	9.571715354919434	2039-04-01	0.0	94	2040.25
12	2040-07-01	10.598755836486816	2039-07-01	0.0	95	2040.5
12	2040-10-01	8.892762184143066	2039-10-01	0.0	96	2040.75
12	2017-10-01	7.913248538970947	2016-10-01	1.0	4	2017.75
12	2018-01-01	5.02432107925415	2017-01-01	1.0	5	2018.0
12	2018-04-01	4.532708644866943	2017-04-01	1.0	6	2018.25
12	2018-07-01	5.071890830993652	2017-07-01	1.0	7	2018.5
12	2018-10-01	5.556084156036377	2017-10-01	1.0	8	2018.75
12	2019-01-01	5.91571855545044	2018-01-01	1.0	9	2019.0
12	2019-04-01	5.951868057250977	2018-04-01	1.0	10	2019.25
12	2019-07-01	6.669552803039551	2018-07-01	1.0	11	2019.5
12	2019-10-01	9.539605140686035	2018-10-01	1.0	12	2019.75
12	2020-01-01	10.25322723388672	2019-01-01	1.0	13	2020.0
12	2020-04-01	10.812621116638184	2019-04-01	1.0	14	2020.25
12	2020-07-01	6.365035057067871	2019-07-01	1.0	15	2020.5
12	2020-10-01	6.214150905609131	2019-10-01	1.0	16	2020.75
12	2021-01-01	5.32161283493042	2020-01-01	1.0	17	2021.0
12	2021-04-01	5.487354278564453	2020-04-01	1.0	18	2021.25
12	2021-07-01	5.304052352905273	2020-07-01	1.0	19	2021.5
12	2021-10-01	5.602758407592773	2020-10-01	1.0	20	2021.75
12	2022-01-01	6.10930871963501	2021-01-01	1.0	21	2022.0
12	2022-04-01	6.405757427215576	2021-04-01	1.0	22	2022.25
12	2022-07-01	7.25129508972168	2021-07-01	1.0	23	2022.5
12	2022-10-01	6.117055892944336	2021-10-01	1.0	24	2022.75
12	2023-01-01	7.656500816345215	2022-01-01	1.0	25	2023.0
12	2023-04-01	9.197761535644531	2022-04-01	1.0	26	2023.25
12	2023-07-01	7.126802444458008	2022-07-01	1.0	27	2023.5
12	2023-10-01	9.182130813598633	2022-10-01	1.0	28	2023.75
12	2024-01-01	8.95470142364502	2023-01-01	1.0	29	2024.0
12	2024-04-01	6.5799407958984375	2023-04-01	1.0	30	2024.25
12	2024-07-01	7.024851322174072	2023-07-01	1.0	31	2024.5
12	2024-10-01	7.665046691894531	2023-10-01	1.0	32	2024.75
12	2025-01-01	9.142850875854492	2024-01-01	1.0	33	2025.0
12	2025-04-01	6.553357124328613	2024-04-01	1.0	34	2025.25
12	2025-07-01	7.286746501922607	2024-07-01	1.0	35	2025.5
12	2025-10-01	8.688652992248535	2024-10-01	1.0	36	2025.75
12	2026-01-01	9.6143217086792	2025-01-01	1.0	37	2026.0
12	2026-04-01	10.496356964111328	2025-04-01	1.0	38	2026.25
12	2026-07-01	11.191347122192385	2025-07-01	1.0	39	2026.5
12	2026-10-01	7.281455993652344	2025-10-01	1.0	40	2026.75
12	2027-01-01	7.819489479064941	2026-01-01	1.0	41	2027.0
12	2027-04-01	8.078536987304688	2026-04-01	1.0	42	2027.25
12	2027-07-01	8.203325271606445	2026-07-01	1.0	43	2027.5
12	2027-10-01	9.611944198608398	2026-10-01	1.0	44	2027.75
12	2028-01-01	9.930646896362305	2027-01-01	1.0	45	2028.0
12	2028-04-01	8.337577819824219	2027-04-01	1.0	46	2028.25
12	2028-07-01	6.751902580261231	2027-07-01	1.0	47	2028.5
12	2028-10-01	8.071866035461426	2027-10-01	1.0	48	2028.75
12	2029-01-01	8.42650032043457	2028-01-01	1.0	49	2029.0
12	2029-04-01	7.4587860107421875	2028-04-01	1.0	50	2029.25
12	2029-07-01	6.931093215942383	2028-07-01	1.0	51	2029.5
12	2029-10-01	5.924973964691162	2028-10-01	1.0	52	2029.75
12	2030-01-01	7.185888290405273	2029-01-01	1.0	53	2030.0
12	2030-04-01	7.036501407623291	2029-04-01	1.0	54	2030.25
12	2030-07-01	7.602579116821289	2029-07-01	1.0	55	2030.5
12	2030-10-01	5.780545234680176	2029-10-01	1.0	56	2030.75
12	2031-01-01	6.432362079620361	2030-01-01	1.0	57	2031.0
12	2031-04-01	6.821034908294678	2030-04-01	1.0	58	2031.25
12	2031-07-01	6.307905197143555	2030-07-01	1.0	59	2031.5
12	2031-10-01	9.52236557006836	2030-10-01	1.0	60	2031.75
12	2032-01-01	10.048808097839355	2031-01-01	1.0	61	2032.0
12	2032-04-01	8.526580810546875	2031-04-01	1.0	62	2032.25
12	2032-07-01	5.31251335144043	2031-07-01	1.0	63	2032.5
12	2032-10-01	5.239732265472412	2031-10-01	1.0	64	2032.75
12	2033-01-01	5.098674774169922	2032-01-01	1.0	65	2033.0
12	2033-04-01	6.064074993133545	2032-04-01	1.0	66	2033.25
12	2033-07-01	7.301392555236816	2032-07-01	1.0	67	2033.5
12	2033-10-01	8.320119857788086	2032-10-01	1.0	68	2033.75
12	2034-01-01	5.803317546844482	2033-01-01	1.0	69	2034.0
12	2034-04-01	6.436128616333008	2033-04-01	1.0	70	2034.25
12	2034-07-01	6.955344200134277	2033-07-01	1.0	71	2034.5
12	2034-10-01	8.787610054016113	2033-10-01	1.0	72	2034.75
12	2035-01-01	8.367660522460938	2034-01-01	1.0	73	2035.0
12	2035-04-01	8.73058795928955	2034-04-01	1.0	74	2035.25
12	2035-07-01	5.194071769714356	2034-07-01	1.0	75	2035.5
12	2035-10-01	5.475152015686035	2034-10-01	1.0	76	2035.75
12	2036-01-01	5.895589828491211	2035-01-01	1.0	77	2036.0
12	2036-04-01	6.335721969604492	2035-04-01	1.0	78	2036.25
12	2036-07-01	5.253495216369629	2035-07-01	1.0	79	2036.5
12	2036-10-01	4.435088634490967	2035-10-01	1.0	80	2036.75
12	2037-01-01	5.844827651977539	2036-01-01	1.0	81	2037.0
12	2037-04-01	6.1569647789001465	2036-04-01	1.0	82	2037.25
12	2037-07-01	7.540586948394775	2036-07-01	1.0	83	2037.5
12	2037-10-01	7.984391212463379	2036-10-01	1.0	84	2037.75
12	2038-01-01	3.703047037124634	2037-01-01	1.0	85	2038.0
12	2038-04-01	5.2041120529174805	2037-04-01	1.0	86	2038.25
12	2038-07-01	5.646570682525635	2037-07-01	1.0	87	2038.5
12	2038-10-01	5.933149337768555	2037-10-01	1.0	88	2038.75
12	2039-01-01	4.106651306152344	2038-01-01	1.0	89	2039.0
12	2039-04-01	4.394913673400879	2038-04-01	1.0	90	2039.25
12	2039-07-01	4.843733310699463	2038-07-01	1.0	91	2039.5
12	2039-10-01	6.879276275634766	2038-10-01	1.0	92	2039.75
12	2040-01-01	8.677120208740234	2039-01-01	1.0	93	2040.0
12	2040-04-01	9.799861907958984	2039-04-01	1.0	94	2040.25
12	2040-07-01	10.55658721923828	2039-07-01	1.0	95	2040.5
12	2040-10-01	9.29984188079834	2039-10-01	1.0	96	2040.75
12	2017-10-01	7.951117038726807	2016-10-01	3.0	4	2017.75
12	2018-01-01	4.9578962326049805	2017-01-01	3.0	5	2018.0
12	2018-04-01	4.90894079208374	2017-04-01	3.0	6	2018.25
12	2018-07-01	5.289129734039307	2017-07-01	3.0	7	2018.5
12	2018-10-01	5.815812110900879	2017-10-01	3.0	8	2018.75
12	2019-01-01	5.97276496887207	2018-01-01	3.0	9	2019.0
12	2019-04-01	6.33039665222168	2018-04-01	3.0	10	2019.25
12	2019-07-01	7.175458908081055	2018-07-01	3.0	11	2019.5
12	2019-10-01	9.194839477539062	2018-10-01	3.0	12	2019.75
12	2020-01-01	9.842718124389648	2019-01-01	3.0	13	2020.0
12	2020-04-01	10.520668029785156	2019-04-01	3.0	14	2020.25
12	2020-07-01	8.98486328125	2019-07-01	3.0	15	2020.5
12	2020-10-01	6.247028827667236	2019-10-01	3.0	16	2020.75
12	2021-01-01	7.346852302551269	2020-01-01	3.0	17	2021.0
12	2021-04-01	5.903353214263916	2020-04-01	3.0	18	2021.25
12	2021-07-01	6.536279201507568	2020-07-01	3.0	19	2021.5
12	2021-10-01	5.536946773529053	2020-10-01	3.0	20	2021.75
12	2022-01-01	6.801699638366699	2021-01-01	3.0	21	2022.0
12	2022-04-01	7.550314426422119	2021-04-01	3.0	22	2022.25
12	2022-07-01	7.1782546043396	2021-07-01	3.0	23	2022.5
12	2022-10-01	6.819096088409424	2021-10-01	3.0	24	2022.75
12	2023-01-01	7.7655439376831055	2022-01-01	3.0	25	2023.0
12	2023-04-01	9.594008445739746	2022-04-01	3.0	26	2023.25
12	2023-07-01	9.059955596923828	2022-07-01	3.0	27	2023.5
12	2023-10-01	9.744384765625	2022-10-01	3.0	28	2023.75
12	2024-01-01	10.715739250183104	2023-01-01	3.0	29	2024.0
12	2024-04-01	7.111420154571533	2023-04-01	3.0	30	2024.25
12	2024-07-01	6.822009563446045	2023-07-01	3.0	31	2024.5
12	2024-10-01	7.526240348815918	2023-10-01	3.0	32	2024.75
12	2025-01-01	8.167489051818848	2024-01-01	3.0	33	2025.0
12	2025-04-01	6.443477630615234	2024-04-01	3.0	34	2025.25
12	2025-07-01	8.583904266357422	2024-07-01	3.0	35	2025.5
12	2025-10-01	8.460480690002441	2024-10-01	3.0	36	2025.75
12	2026-01-01	9.95839786529541	2025-01-01	3.0	37	2026.0
12	2026-04-01	9.196864128112791	2025-04-01	3.0	38	2026.25
12	2026-07-01	11.330422401428224	2025-07-01	3.0	39	2026.5
12	2026-10-01	6.7227959632873535	2025-10-01	3.0	40	2026.75
12	2027-01-01	7.939473628997803	2026-01-01	3.0	41	2027.0
12	2027-04-01	8.450943946838379	2026-04-01	3.0	42	2027.25
12	2027-07-01	8.10091495513916	2026-07-01	3.0	43	2027.5
12	2027-10-01	8.873515129089355	2026-10-01	3.0	44	2027.75
12	2028-01-01	10.137086868286133	2027-01-01	3.0	45	2028.0
12	2028-04-01	12.252680778503418	2027-04-01	3.0	46	2028.25
12	2028-07-01	8.33685302734375	2027-07-01	3.0	47	2028.5
12	2028-10-01	8.273305892944336	2027-10-01	3.0	48	2028.75
12	2029-01-01	9.134062767028809	2028-01-01	3.0	49	2029.0
12	2029-04-01	8.337944984436035	2028-04-01	3.0	50	2029.25
12	2029-07-01	6.884939193725586	2028-07-01	3.0	51	2029.5
12	2029-10-01	7.507364749908447	2028-10-01	3.0	52	2029.75
12	2030-01-01	7.571394443511963	2029-01-01	3.0	53	2030.0
12	2030-04-01	6.436913967132568	2029-04-01	3.0	54	2030.25
12	2030-07-01	7.358231544494629	2029-07-01	3.0	55	2030.5
12	2030-10-01	9.08371639251709	2029-10-01	3.0	56	2030.75
12	2031-01-01	6.335450649261475	2030-01-01	3.0	57	2031.0
12	2031-04-01	6.439733028411865	2030-04-01	3.0	58	2031.25
12	2031-07-01	7.878945350646973	2030-07-01	3.0	59	2031.5
12	2031-10-01	11.26384449005127	2030-10-01	3.0	60	2031.75
12	2032-01-01	10.54444694519043	2031-01-01	3.0	61	2032.0
12	2032-04-01	12.298018455505373	2031-04-01	3.0	62	2032.25
12	2032-07-01	5.759951114654541	2031-07-01	3.0	63	2032.5
12	2032-10-01	6.321969985961914	2031-10-01	3.0	64	2032.75
12	2033-01-01	5.1329193115234375	2032-01-01	3.0	65	2033.0
12	2033-04-01	6.869987487792969	2032-04-01	3.0	66	2033.25
12	2033-07-01	7.456258773803711	2032-07-01	3.0	67	2033.5
12	2033-10-01	8.276373863220215	2032-10-01	3.0	68	2033.75
12	2034-01-01	8.857948303222656	2033-01-01	3.0	69	2034.0
12	2034-04-01	6.353700160980225	2033-04-01	3.0	70	2034.25
12	2034-07-01	7.640881538391113	2033-07-01	3.0	71	2034.5
12	2034-10-01	5.198922634124756	2033-10-01	3.0	72	2034.75
12	2035-01-01	8.419343948364258	2034-01-01	3.0	73	2035.0
12	2035-04-01	8.923013687133789	2034-04-01	3.0	74	2035.25
12	2035-07-01	5.621324062347412	2034-07-01	3.0	75	2035.5
12	2035-10-01	5.737476825714111	2034-10-01	3.0	76	2035.75
12	2036-01-01	5.5587544441223145	2035-01-01	3.0	77	2036.0
12	2036-04-01	7.412209510803223	2035-04-01	3.0	78	2036.25
12	2036-07-01	7.862662315368652	2035-07-01	3.0	79	2036.5
12	2036-10-01	5.898298263549805	2035-10-01	3.0	80	2036.75
12	2037-01-01	5.657915592193604	2036-01-01	3.0	81	2037.0
12	2037-04-01	6.846656799316406	2036-04-01	3.0	82	2037.25
12	2037-07-01	7.766491889953613	2036-07-01	3.0	83	2037.5
12	2037-10-01	7.9868483543396	2036-10-01	3.0	84	2037.75
12	2038-01-01	4.450380325317383	2037-01-01	3.0	85	2038.0
12	2038-04-01	5.489302158355713	2037-04-01	3.0	86	2038.25
12	2038-07-01	5.906374931335449	2037-07-01	3.0	87	2038.5
12	2038-10-01	6.026705265045166	2037-10-01	3.0	88	2038.75
12	2039-01-01	4.723128795623779	2038-01-01	3.0	89	2039.0
12	2039-04-01	4.736969947814941	2038-04-01	3.0	90	2039.25
12	2039-07-01	5.446328163146973	2038-07-01	3.0	91	2039.5
12	2039-10-01	7.061842441558838	2038-10-01	3.0	92	2039.75
12	2040-01-01	8.442333221435547	2039-01-01	3.0	93	2040.0
12	2040-04-01	9.310029983520508	2039-04-01	3.0	94	2040.25
12	2040-07-01	10.573023796081545	2039-07-01	3.0	95	2040.5
12	2040-10-01	9.77525520324707	2039-10-01	3.0	96	2040.75
